{"state":{"isStdOutTTY":false,"isStdErrTTY":false,"testRunDurationMs":30004.433407},"metrics":{"http_req_receiving":{"type":"trend","contains":"time","values":{"avg":0.012931649670315218,"med":0.0065,"p(95)":0.026042,"p(99)":0.27087071999999884,"max":2.870902}},"http_req_duration{expected_response:true}":{"contains":"time","values":{"p(99)":0.8634202799999997,"max":8.90979,"avg":0.20235326452856012,"med":0.109751,"p(95)":0.5525973999999998},"type":"trend"},"http_req_blocked":{"type":"trend","contains":"time","values":{"max":2.902443,"avg":0.0014023877825574058,"med":0.000833,"p(95)":0.001709,"p(99)":0.004625}},"http_req_failed":{"thresholds":{"rate<0.05":{"ok":true}},"type":"rate","contains":"default","values":{"rate":0,"passes":0,"fails":60209}},"http_req_duration":{"type":"trend","contains":"time","values":{"avg":0.20235326452856012,"med":0.109751,"p(95)":0.5525973999999998,"p(99)":0.8634202799999997,"max":8.90979}},"http_req_connecting":{"values":{"p(95)":0,"p(99)":0,"max":2.887444,"avg":0.00023739675131624846,"med":0},"type":"trend","contains":"time"},"http_req_tls_handshaking":{"type":"trend","contains":"time","values":{"p(99)":0,"max":0,"avg":0,"med":0,"p(95)":0}},"iterations":{"values":{"count":30001,"rate":999.8855700104905},"type":"counter","contains":"default"},"explain_found":{"type":"rate","contains":"default","values":{"rate":1,"passes":15026,"fails":0}},"explain_wait":{"values":{"avg":5.311485349993329,"med":5.163126500000001,"p(95)":5.6602665,"p(99)":10.088375749999999,"max":15.328836},"type":"trend","contains":"time"},"score_latency":{"type":"trend","contains":"time","values":{"p(95)":0.508338,"p(99)":0.672506,"max":8.90979,"avg":0.16791844521849303,"med":0.093418}},"data_sent":{"values":{"count":8890446,"rate":296304.41206484736},"type":"counter","contains":"data"},"http_reqs":{"type":"counter","contains":"default","values":{"count":60209,"rate":2006.6701204880378}},"iteration_duration":{"values":{"p(95)":7.291442,"p(99)":8.136699,"max":18.680796,"avg":3.3147605811473,"med":5.306007},"type":"trend","contains":"time"},"http_req_waiting":{"type":"trend","contains":"time","values":{"avg":0.18556661286518644,"med":0.095834,"p(95)":0.5375046,"p(99)":0.8372146399999997,"max":8.875039}},"checks":{"type":"rate","contains":"default","values":{"fails":0,"rate":1,"passes":30001}},"http_req_sending":{"values":{"p(95)":0.007709,"p(99)":0.02883392,"max":2.381605,"avg":0.0038550019930574217,"med":0.002458},"type":"trend","contains":"time"},"explain_poll_misses":{"type":"counter","contains":"default","values":{"count":15182,"rate":505.99189106694}},"explain_latency":{"contains":"time","values":{"avg":0.2595753273659007,"med":0.1622725,"p(95)":0.6316002499999998,"p(99)":0.9903949999999996,"max":8.872915},"type":"trend"},"data_received":{"contains":"data","values":{"count":18947887,"rate":631502.9096859893},"type":"counter"},"vus":{"type":"gauge","contains":"default","values":{"max":6,"value":2,"min":1}},"vus_max":{"type":"gauge","contains":"default","values":{"max":200,"value":200,"min":200}}},"root_group":{"name":"","path":"","id":"d41d8cd98f00b204e9800998ecf8427e","groups":[],"checks":[{"path":"::score 200","id":"ae8c9e24b6d310bfa365d7857af41cbb","passes":30001,"fails":0,"name":"score 200"}]},"options":{"summaryTrendStats":["avg","med","p(95)","p(99)","max"],"summaryTimeUnit":"","noColor":false}}